cut,es_costera,dist_costa_km
01101,True,0.0
01107,False,2.0
01401,False,4.4
01402,False,42.1
01403,False,
01404,True,0.0
01405,False,
02101,True,0.0
02102,True,0.0
02103,False,31.9
02104,True,0.0
02201,False,
02202,False,
02203,False,
02301,True,0.0
02302,False,23.7
03101,True,0.0
03102,True,0.0
03103,False,65.4
03201,True,0.0
03202,False,42.6
03301,False,16.5
03302,False,
03303,True,0.0
03304,True,0.0
04101,True,0.0
04102,True,0.0
04103,False,16.2
04104,True,0.0
04105,False,
04106,False,27.5
04201,False,14.0
04202,True,0.0
04203,True,0.0
04204,False,38.6
04301,True,0.0
04302,False,34.1
04303,False,61.4
04304,False,9.7
04305,False,37.2
05101,True,0.0
05102,True,0.7
05103,True,0.1
05104,True,0.0
05105,True,0.0
05107,True,0.0
05109,True,0.2
05201,True,0.0
05301,False,
05302,False,
05303,False,
05304,False,
05401,True,0.0
05402,False,26.1
05403,True,0.0
05404,False,25.2
05405,True,0.0
05501,False,6.3
05502,False,23.7
05503,False,28.1
05504,False,17.3
05506,False,12.2
05601,True,0.4
05602,True,0.0
05603,True,0.4
05604,True,0.0
05605,True,0.1
05606,True,0.3
05701,False,
05702,False,36.6
05703,False,42.0
05704,False,
05705,False,
05706,False,
05801,False,8.6
05802,False,7.9
05803,False,29.6
05804,False,15.3
06101,False,
06102,False,
06103,False,
06104,False,
06105,False,
06106,False,
06107,False,30.8
06108,False,
06109,False,
06110,False,
06111,False,
06112,False,
06113,False,49.3
06114,False,
06115,False,
06116,False,
06117,False,
06201,True,0.0
06202,False,18.1
06203,True,0.0
06204,False,10.1
06205,True,0.4
06206,True,0.0
06301,False,
06302,False,47.9
06303,False,
06304,False,21.2
06305,False,
06306,False,
06307,False,35.9
06308,False,
06309,False,16.7
06310,False,46.5
07101,False,
07102,True,0.0
07103,True,1.0
07104,False,8.4
07105,False,48.9
07106,False,
07107,False,29.0
07108,False,
07109,False,
07110,False,
07201,False,8.7
07202,True,1.0
07203,True,0.1
07301,False,
07302,False,17.7
07303,True,0.8
07304,False,
07305,False,51.4
07306,False,
07307,False,46.6
07308,False,
07309,True,0.0
07401,False,
07402,False,
07403,False,
07404,False,51.1
07405,False,
07406,False,31.4
07407,False,
07408,False,
08101,False,5.7
08102,True,0.0
08103,False,8.5
08104,False,12.7
08105,False,12.8
08106,True,0.3
08107,True,0.7
08108,True,0.0
08109,False,10.1
08110,True,0.0
08111,True,0.0
08112,True,0.0
08201,True,0.0
08202,True,0.0
08203,True,0.0
08204,False,12.1
08205,False,8.6
08206,True,0.0
08207,True,0.1
08301,False,
08302,False,
08303,False,47.9
08304,False,44.2
08305,False,
08306,False,32.6
08307,False,
08308,False,
08309,False,
08310,False,33.3
08311,False,
08312,False,
08313,False,34.4
08314,False,
09101,False,
09102,True,0.0
09103,False,
09104,False,
09105,False,31.9
09106,False,46.1
09107,False,24.9
09108,False,
09109,False,27.9
09110,False,
09111,False,22.1
09112,False,46.4
09113,False,
09114,False,21.3
09115,False,
09116,True,0.0
09117,True,0.0
09118,True,0.0
09119,False,
09120,False,
09121,False,34.2
09201,False,41.4
09202,False,
09203,False,
09204,False,
09205,False,
09206,False,40.2
09207,False,15.7
09208,False,22.6
09209,False,
09210,False,
09211,False,
10101,True,0.0
10102,True,0.0
10103,True,0.0
10104,True,0.0
10105,False,30.9
10106,True,0.0
10107,False,21.3
10108,True,0.0
10109,True,0.0
10201,True,0.0
10202,True,0.0
10203,True,0.0
10204,True,0.0
10205,True,0.0
10206,True,0.0
10207,True,0.0
10208,True,0.0
10209,True,0.0
10210,True,0.0
10301,False,28.4
10302,False,32.4
10303,True,0.0
10304,False,53.4
10305,True,0.0
10306,True,0.0
10307,False,25.9
10401,True,0.0
10402,False,41.1
10403,True,0.0
10404,False,46.5
11101,False,25.4
11102,False,17.0
11201,True,0.0
11202,True,0.0
11203,True,0.0
11301,False,13.8
11302,False,10.9
11303,True,0.0
11401,False,30.9
11402,False,20.1
12101,True,0.0
12102,True,0.0
12103,True,0.0
12104,True,0.0
12201,True,0.0
12202,True,0.0
12301,True,0.0
12302,True,0.0
12303,True,0.0
12401,True,0.0
12402,True,0.0
13101,False,
13102,False,
13103,False,
13104,False,
13105,False,
13106,False,
13107,False,
13108,False,
13109,False,
13110,False,
13111,False,
13112,False,
13113,False,
13114,False,
13115,False,
13116,False,
13117,False,
13118,False,
13119,False,
13120,False,
13121,False,
13122,False,
13123,False,
13124,False,
13125,False,
13126,False,
13127,False,
13128,False,
13129,False,
13130,False,
13131,False,
13132,False,
13201,False,
13202,False,
13203,False,
13301,False,
13302,False,
13303,False,47.2
13401,False,
13402,False,
13403,False,
13404,False,
13501,False,20.1
13502,False,49.4
13503,False,35.5
13504,False,25.4
13505,False,13.6
13601,False,
13602,False,
13603,False,
13604,False,
13605,False,
14101,True,0.0
14102,True,0.0
14103,False,32.4
14104,False,34.2
14105,False,21.3
14106,True,0.0
14107,False,21.5
14108,False,
14201,True,0.0
14202,False,
14203,False,
14204,False,52.4
15101,True,0.0
15102,True,0.0
15201,False,
15202,False,
16101,False,43.3
16102,False,
16103,False,
16104,False,
16105,False,
16106,False,
16107,False,34.4
16108,False,
16109,False,
16201,False,11.2
16202,True,0.3
16203,True,0.3
16204,False,27.1
16205,False,25.2
16206,False,20.1
16207,True,0.2
16301,False,44.4
16302,False,
16303,False,
16304,False,
16305,False,44.5
