nombre,tipo,lat,lon,nota
Valle Alegre,locality,-32.8095,-71.4380,"Sector interior de Quintero; en OSM es caserío (hamlet). Coordenadas de la estación SINCA Valle Alegre MMA."
Farellones,hamlet,-33.35080,-70.31294,"Montaña (Lo Barnechea); caserío en OSM"
La Parva,hamlet,-33.33559,-70.29000,"Centro de esquí (Lo Barnechea); caserío en OSM"
Valle Nevado,hamlet,-33.35435,-70.24916,"Centro de esquí (Lo Barnechea); caserío en OSM"
Corral Quemado,hamlet,-33.35043,-70.36545,"Camino a Farellones (Lo Barnechea); caserío en OSM"
El Volcán,hamlet,-33.81538,-70.16881,"Cajón del Maipo (San José de Maipo); caserío en OSM"
Baños Morales,hamlet,-33.82288,-70.06102,"Cajón del Maipo (San José de Maipo); caserío en OSM"
Lo Valdés,hamlet,-33.82738,-70.06281,"Cajón del Maipo (San José de Maipo); caserío en OSM"
Portillo,hamlet,-32.83642,-70.12908,"Centro de esquí (Los Andes); caserío en OSM"
Saladillo,hamlet,-32.94622,-70.27317,"Valle del Aconcagua alto (Los Andes); caserío en OSM"
Guardia Vieja,hamlet,-32.90310,-70.26886,"Valle del Aconcagua alto (Los Andes); caserío en OSM"
Chapa Verde,hamlet,-34.05041,-70.43383,"Centro de esquí (Machalí); caserío en OSM"
Termas de Cauquenes,hamlet,-34.24675,-70.55701,"Machalí; caserío en OSM"
Las Trancas,hamlet,-36.91479,-71.49570,"Camino a Termas de Chillán (Pinto); caserío en OSM"
Peulla,hamlet,-41.08709,-72.02089,"Lago Todos los Santos (Puerto Varas); caserío en OSM"
Ensenada,hamlet,-41.20819,-72.53867,"Lago Llanquihue (Puerto Varas); caserío en OSM"
