slug,nombre,region_id,region,lat,lon,altura_m,dmc_archivo,dmc_variable,nota
visviri,Visviri,15,Arica y Parinacota,-17.583,-69.467,4095,datos_pasos_fronterizos_aricaparinacota_v2.js,PronoVisviri,
chungara,Chungará,15,Arica y Parinacota,-18.267,-69.300,4680,datos_pasos_fronterizos_aricaparinacota_v2.js,PronoChungara,
concordia,Concordia,15,Arica y Parinacota,-18.300,-70.300,98,datos_pasos_fronterizos_aricaparinacota_v2.js,Pronoconcordia,
colchane,Colchane,01,Tarapaca,-19.267,-68.617,3695,datos_pasos_fronterizos_tarapaca.js,PronoColchane,
ollague,Ollagüe,02,Antofagasta,-21.217,-68.233,3695,datos_pasos_fronterizos_antofagasta_v2.js,PronoOllague,
san-pedro-de-atacama,San Pedro de Atacama,02,Antofagasta,-22.900,-68.183,2450,datos_pasos_fronterizos_antofagasta_v2.js,PronoSanPedroAtacama,
hito-cajon,Hito Cajón,02,Antofagasta,-22.900,-67.783,4480,datos_pasos_fronterizos_antofagasta_v2.js,PronoHcajon,
jama,Jama,02,Antofagasta,-23.233,-67.067,4208,datos_pasos_fronterizos_antofagasta_v2.js,PronoJama,
sico,Sico,02,Antofagasta,-23.850,-67.267,4092,datos_pasos_fronterizos_antofagasta_v2.js,PronoSico,
san-francisco,San Francisco,03,Atacama,-26.833,-69.033,4748,datos_pasos_fronterizos_atacama_v2.js,PronoSfrancisco,
pircas-negras,Pircas Negras,03,Atacama,-27.933,-69.333,3100,datos_pasos_fronterizos_atacama_v2.js,PronoPircasNegras,
agua-negra,Agua Negra,04,Coquimbo,-29.967,-70.083,4779,datos_pasos_fronterizos_coquimbo.js,PronoAguaNegra,
los-libertadores,Los Libertadores (Cristo Redentor),05,Valparaiso,-32.817,-70.083,2900,datos_lib_pronostico.js,PronoLosLibertadores,
vergara,Vergara,07,Maule,-35.133,-70.467,2505,datos_pasos_fronterizos_maule_v2.js,PronoVergara,
pehuenche,Pehuenche,07,Maule,-35.983,-70.400,2553,datos_pasos_fronterizos_maule_v2.js,PronoPehuenche,
pichachen,Pichachén,08,Biobio,-37.517,-71.200,2060,datos_pasos_fronterizos_biobio.js,PronoPICHACHEN,
pino-hachado,Pino Hachado (Liucura),09,La Araucania,-38.633,-71.083,1884,datos_pasos_fronterizos_araucania_v2.js,PronoLiucura,
mamuil-malal,Mamuil Malal (Icalma),09,La Araucania,-39.583,-71.467,1207,datos_pasos_fronterizos_araucania_v2.js,PronoMamuil,
carirrine,Carirriñe,14,Los Rios,-39.767,-71.700,1223,datos_pasos_fronterizos_losrios.js,PronoCARIRRINE,
huahum,Huahum,14,Los Rios,-40.083,-71.667,659,datos_pasos_fronterizos_losrios.js,PronoHUAHUM,
pajaritos,Pajaritos,10,Los Lagos,-40.650,-72.117,448,datos_pasos_fronterizos_loslagos_v2.js,PronoPajaritos,
cardenal-samore,Cardenal Samoré,10,Los Lagos,-40.700,-71.933,1321,datos_pasos_fronterizos_loslagos_v2.js,PronoSamore,
vicente-perez-rosales,Vicente Pérez Rosales,10,Los Lagos,-41.083,-72.017,200,datos_pasos_fronterizos_loslagos_v2.js,PronovicentePR,
futaleufu,Futaleufú,10,Los Lagos,-43.167,-71.750,335,datos_pasos_fronterizos_loslagos_v2.js,PronoFutaleufu,La página DMC lo rotula "Río Encuentro" pero la variable y las coordenadas corresponden a Futaleufú
coyhaique-huemules,Coyhaique (Huemules),11,Aysen del General Carlos Ibanez del Campo,-45.467,-71.600,795,datos_pasos_fronterizos_aysen_norte.js,PronoCoyhaique,
ibanez-pallavicini,Ibáñez Pallavicini,11,Aysen del General Carlos Ibanez del Campo,-46.283,-71.933,327,datos_pasos_fronterizos_aysen_norte.js,PronoIbanezpallavecini,
rio-jeinimeni,Río Jeinimeni,11,Aysen del General Carlos Ibanez del Campo,-46.550,-71.667,255,datos_pasos_fronterizos_aysen_norte.js,PronoRioJeinimeni,
roballos,Roballos,11,Aysen del General Carlos Ibanez del Campo,-47.183,-71.967,715,datos_pasos_fronterizos_aysen_sur.js,PronoRoballos,
rio-mayer,Río Mayer,11,Aysen del General Carlos Ibanez del Campo,-48.200,-72.317,456,datos_pasos_fronterizos_aysen_sur.js,PronoRioMayer,
rio-mosco,Río Mosco,11,Aysen del General Carlos Ibanez del Campo,-48.467,-72.550,250,datos_pasos_fronterizos_aysen_sur.js,PronoRioMosco,
dos-lagunas,Dos Lagunas,11,Aysen del General Carlos Ibanez del Campo,-48.867,-72.733,693,datos_pasos_fronterizos_aysen_sur.js,PronoDosLagunas,
monte-aymond,Monte Aymond (Integración Austral),12,Magallanes y de la Antartica Chilena,-52.150,-69.517,150,datos_pasos_fronterizos_magallanes.js,PronoMonteAymond,No aparece en la página DMC: coordenadas y altura aproximadas
rio-don-guillermo,Río Don Guillermo,12,Magallanes y de la Antartica Chilena,-51.250,-72.333,260,datos_pasos_fronterizos_magallanes.js,PronoRioDonGuillermo,
dorotea,Dorotea,12,Magallanes y de la Antartica Chilena,-51.600,-72.317,605,datos_pasos_fronterizos_magallanes.js,PronoDorotea,
casas-viejas,Casas Viejas,12,Magallanes y de la Antartica Chilena,-51.683,-72.317,240,datos_pasos_fronterizos_magallanes.js,PronoCasasViejas,
san-sebastian,San Sebastián,12,Magallanes y de la Antartica Chilena,-53.317,-68.650,17,datos_pasos_fronterizos_magallanes.js,PronoSanSebastian,
rio-bellavista,Río Bellavista,12,Magallanes y de la Antartica Chilena,-54.000,-68.617,113,datos_pasos_fronterizos_magallanes.js,PronoRioBellavista,
