slug,nombre,comuna,lat,lon
arica,Arica,arica,-18.47692,-70.32194
pisagua,Pisagua,huara,-19.59594,-70.21120
iquique,Iquique,iquique,-20.21128,-70.15343
patache,Patache,iquique,-20.79975,-70.18801
tocopilla,Tocopilla,tocopilla,-22.09409,-70.20578
mejillones,Mejillones,mejillones,-23.09889,-70.45278
antofagasta,Antofagasta,antofagasta,-23.64600,-70.40400
taltal,Taltal,taltal,-25.40759,-70.48841
chanaral,Chañaral,chanaral,-26.35111,-70.63770
caldera,Caldera,caldera,-27.06303,-70.82578
huasco,Huasco,huasco,-28.46165,-71.22665
coquimbo,Coquimbo,coquimbo,-29.93544,-71.34220
los-vilos,Los Vilos,los-vilos,-31.90931,-71.51366
quintero,Quintero,quintero,-32.77551,-71.52544
valparaiso,Valparaíso,valparaiso,-33.03798,-71.62734
san-antonio,San Antonio,san-antonio,-33.57503,-71.62514
pichilemu,Pichilemu,pichilemu,-34.38495,-72.00851
constitucion,Constitución,constitucion,-35.32417,-72.40806
lirquen,Lirquén,penco,-36.71142,-72.97783
talcahuano,Talcahuano,talcahuano,-36.70806,-73.11278
coronel,Coronel,coronel,-37.02722,-73.14861
lota,Lota,lota,-37.09726,-73.15953
lebu,Lebu,lebu,-37.60467,-73.65370
puerto-saavedra,Puerto Saavedra,saavedra,-38.78833,-73.39722
corral,Corral,corral,-39.88771,-73.42778
puerto-montt,Puerto Montt,puerto-montt,-41.48451,-72.96135
maullin,Maullín,maullin,-41.61580,-73.59537
chacao,Chacao,ancud,-41.82947,-73.51869
ancud,Ancud,ancud,-41.86630,-73.83093
quemchi,Quemchi,quemchi,-42.14488,-73.47300
castro,Castro,castro,-42.48100,-73.76200
chonchi,Chonchi,chonchi,-42.61873,-73.77050
quellon,Quellón,quellon,-43.12065,-73.62171
chaiten,Chaitén,chaiten,-42.91462,-72.71182
melinka,Melinka,guaitecas,-43.89659,-73.74889
puerto-aguirre,Puerto Aguirre,aysen,-45.16467,-73.52172
puerto-chacabuco,Puerto Chacabuco,aysen,-45.46505,-72.82149
puerto-eden,Puerto Edén,natales,-49.12917,-74.42918
puerto-natales,Puerto Natales,natales,-51.72910,-72.51400
punta-arenas,Punta Arenas,punta-arenas,-53.16500,-70.90400
porvenir,Porvenir,porvenir,-53.29600,-70.36900
puerto-williams,Puerto Williams,cabo-de-hornos,-54.93400,-67.61100
hanga-roa,Hanga Roa,isla-de-pascua,-27.14987,-109.43702
juan-fernandez,Bahía Cumberland,juan-fernandez,-33.63604,-78.82943
