slug,nombre,lat,lon,nota
arica,Arica,-18.47692,-70.32194,Capitanía de Puerto (Armada)
pisagua,Pisagua,-19.59594,-70.21120,Alcaldía de Mar (Armada)
iquique,Iquique,-20.21128,-70.15343,Capitanía de Puerto (Armada)
patache,Patache,-20.79975,-70.18801,Estación Armada
tocopilla,Tocopilla,-22.09409,-70.20578,Capitanía de Puerto (Armada)
mejillones,Mejillones,-23.09889,-70.45278,Capitanía de Puerto (Armada)
antofagasta,Antofagasta,-23.64600,-70.40400,Puerto de Antofagasta
taltal,Taltal,-25.40759,-70.48841,Capitanía de Puerto (Armada)
chanaral,Chañaral,-26.35111,-70.63770,Capitanía de Puerto (Armada)
caldera,Caldera,-27.06303,-70.82578,Capitanía de Puerto (Armada)
huasco,Huasco,-28.46165,-71.22665,Capitanía de Puerto (Armada)
coquimbo,Coquimbo,-29.93544,-71.34220,Estación Armada (La Tortuga)
los-vilos,Los Vilos,-31.90931,-71.51366,Capitanía de Puerto (Armada)
quintero,Quintero,-32.77551,-71.52544,Capitanía de Puerto (Armada)
valparaiso,Valparaíso,-33.03798,-71.62734,Capitanía de Puerto (Armada)
san-antonio,San Antonio,-33.57503,-71.62514,Estación Armada (Panul)
pichilemu,Pichilemu,-34.38495,-72.00851,Capitanía de Puerto (Armada)
constitucion,Constitución,-35.32417,-72.40806,Capitanía de Puerto (Armada)
lirquen,Lirquén,-36.71142,-72.97783,Estación Armada
talcahuano,Talcahuano,-36.70806,-73.11278,Capitanía de Puerto (Armada)
coronel,Coronel,-37.02722,-73.14861,Capitanía de Puerto (Armada)
lota,Lota,-37.09726,-73.15953,Estación Armada
lebu,Lebu,-37.60467,-73.65370,Capitanía de Puerto (Armada)
puerto-saavedra,Puerto Saavedra,-38.78833,-73.39722,Estación Armada
corral,Corral,-39.88771,-73.42778,Capitanía de Puerto (Armada)
puerto-montt,Puerto Montt,-41.48451,-72.96135,Estación Armada
maullin,Maullín,-41.61580,-73.59537,Estación Armada
chacao,Chacao,-41.82947,-73.51869,Alcaldía de Mar (Armada)
ancud,Ancud,-41.86630,-73.83093,Capitanía de Puerto (Armada)
quemchi,Quemchi,-42.14488,-73.47300,Estación Armada
castro,Castro,-42.48100,-73.76200,Puerto de Castro
chonchi,Chonchi,-42.61873,-73.77050,Estación Armada
quellon,Quellón,-43.12065,-73.62171,Capitanía de Puerto (Armada)
chaiten,Chaitén,-42.91462,-72.71182,Estación Armada
melinka,Melinka,-43.89659,-73.74889,Estación Armada
puerto-aguirre,Puerto Aguirre,-45.16467,-73.52172,Estación Armada
puerto-chacabuco,Puerto Chacabuco,-45.46505,-72.82149,Capitanía de Puerto (Armada)
puerto-eden,Puerto Edén,-49.12917,-74.42918,Estación Armada
puerto-natales,Puerto Natales,-51.72910,-72.51400,Capitanía de Puerto (Armada)
punta-arenas,Punta Arenas,-53.16500,-70.90400,Puerto de Punta Arenas
porvenir,Porvenir,-53.29600,-70.36900,Puerto de Porvenir
puerto-williams,Puerto Williams,-54.93400,-67.61100,Puerto de Puerto Williams
hanga-roa,Hanga Roa,-27.14987,-109.43702,Estación Armada (Isla de Pascua)
juan-fernandez,Bahía Cumberland,-33.63604,-78.82943,Estación Armada (Juan Fernández)
